0	-15.093318219005138	-1.3995654103901622	0.0851151976426222	0.0009983406554472077	-0.022791088137553546	0.01729850820104778	-0.014759110984362011	0.0032944312995720772	-0.007102783257934968	-0.006011319453598525	-0.002228444709130842	0.0015999611060441708	-0.00022529332772626006	0.0002078952837208091	-0.012607221461839149	0.0013419862638463936	0.0006802286836580229	0.25216709565672707	-2.9923621373298626	0.9161122339039215	0.0007711263041515152	0.37643148649005637	0.0052028504830812575	-0.1712769289185048	-0.3107963128484492	-0.16286254674875014	-0.13329187346740243	-0.14916164165384083	-0.11957615545961624	-0.07258079043321804	-0.058971861412604326	-0.05003543147112721	-0.03748704737375581	-0.029392176284458362	-0.022995049337785397	-0.015165251342753934	-0.014231452693129995	-0.012916624945912333	0.00899044076240125	-0.007284649606544394	0.008016435982032178	-0.0010409674940857596	-0.0002375826461375354	0.018142662229128362	-0.010200771880198066	-0.0024114380363091286	-0.017019804950356064	-0.0636503167932458	-0.04422064466010767	0.022514542866378266	-0.01838688988843436	-0.01610211738989854	0.01556383900843701	-0.008329730283132277	0.007867280657457842	
0.13416023339677757	0	-15.117725961731866	-1.218962944762481	0.15889378149585587	-0.005233764478457174	-0.005790153071358731	0.014978736622699676	0.003875649803946074	0.008729363925030353	0.0070415189455412235	-0.0021180744224884545	0.003058992602431333	-0.010864902836552696	0.012385052432110353	-0.01201927934010598	-0.07302831509942158	0.7281545224157064	-0.8738169411574348	1.109929555940622	-0.13147969209665356	0.11860496365912397	-0.19386274571867673	-0.06186241561441304	0.01453595517116255	-0.006939054739300775	-0.03065896420607702	0.05631645026378793	0.10895317817559057	0.10360974530594168	0.05971765307280093	0.06062971059082653	0.06267731869123203	0.04267698474716941	0.032498094510144564	0.029465527314050888	0.019613641881982946	0.015039798971444187	0.01963745763299634	-0.006411605236317673	0.005701345450367839	-0.005946409756481802	-0.0021358184422576912	0.009757984861044762	-0.01244214074230365	-0.003032878121839812	0.04954469310642743	0.04777592067461406	0.12596409524585053	0.2031338954362111	0.04045923346953441	0.093987006902847	0.0034957858216295656	-0.007325277109004947	0.0017091404254818787	-0.006608607472490516	
-0.05910464677113986	0.13016689706028503	0	-15.11718395075348	-1.757601966417999	0.20163327845865264	-0.053823612505424896	0.0059751936530525185	-0.01994500483784862	-0.006170724511373881	-0.004102850814763005	0.012193354354437453	-0.013567856460786136	0.03785305443923703	-0.038639167483260364	0.1159364604325234	0.7868653462790238	-7.4646319936691	0.44165821887085543	0.06697356743213105	-0.056694085756146526	-0.10381465218783657	0.03074428219419	0.014466528571905267	0.04286075244090219	0.1512390215373388	0.12763675315685352	0.020826027001891772	-0.01524892575596354	0.031167218347580766	0.016018690780578288	-0.037605224160760974	-0.06042337912264155	-0.02514309732364133	-0.021196566620408554	-0.03091693624673088	-0.01895683896260191	-0.010394086763080781	-0.02539848550544853	-0.0034189708962043953	-0.0011607076294556991	0.00016148999884225713	-0.007368803437883707	0.010133885614395486	-0.06363132539177968	0.14937773938947033	-0.11084247874842443	-0.025435470537958273	-0.028800104651896176	-0.33115954683166093	-0.5681900841723702	0.5397072273381935	-0.04750121450443376	-0.014167011941487886	0.01623562825090036	-0.0009229974938654986	
-0.05959315714630402	-0.03370663035195617	0.1420478476961866	0	-15.107980009015222	-1.8519055260103643	0.2688996888047429	-0.049459873568263195	0.04953980947091341	0.002548384408066601	-0.00013515055450278983	-0.022733424256915997	0.01844422341381441	-0.0501747088735491	-0.05777194824375399	0.4759560606630957	-0.9680358715396072	0.589151421059176	-0.059323928514832105	0.008153634457268851	0.011500104805019461	0.04427726000755249	-0.026043268189688915	0.0008166110071944477	-0.013058276211577407	-0.06255922506894887	-0.06276634877385781	-0.00594227501984263	-0.004256029338565434	-0.058203536376775535	-0.03287570174545946	0.018585975533426037	0.03375528550501891	0.005026526829571798	0.009006482621401482	0.022276308905980587	0.01405830137379042	0.003744210513864583	0.02533973444713629	0.011808172959147429	0.0014600056788668476	-0.0025952164187120937	0.03908491233584417	-0.09772534376546699	0.1678435077724587	-0.3659493679252336	0.09771317758154183	-0.053541841123479005	-0.11318393697240084	0.19426976717823355	0.5764699075896239	-2.5052594214529793	0.44286027879937856	0.03871831495522598	-0.036369994447508075	0.008651453085761006	
-0.006531646332838349	-0.03314743413666154	-0.03811456311377666	0.19655274571733086	0	-15.108020373186832	-2.4070848576703145	0.27891179687033796	-0.13816652044115385	0.02341368960390747	0.015951534911831194	0.04347715491177959	-0.008876461024352529	0.010637049670125898	0.94292196149444	-6.042008450806337	0.29044644066403924	0.1755611327095207	-0.05725306154336168	0.029602954922206628	-0.015102490539711416	-0.008138503908374038	-0.02096690592849956	-0.034343203985911445	-0.013195331102056411	-0.009009874127233001	-0.05763733536743219	-0.03433014382633601	0.010953846741255411	0.05457909870681087	0.020689346029794956	0.026933906233838234	0.049387166290021024	0.09924969331628197	0.047852859556164244	0.018437340284189654	0.03050828568893557	0.023855771431979277	0.0013229037840566493	-0.036501179509641546	0.0017628955531423208	0.0054172211352945775	-0.09394527622869571	0.2384018654482479	-0.15472932428279032	0.19520464509267996	-0.03535969632799091	0.037341932842983684	0.0674169408076882	-0.05778178614128254	-0.1373813869946578	0.49323238044229006	-0.8925220068278142	0.32602566673878913	0.02654309967436452	-0.037941648793663026	
-0.014846695169803704	0.0129628769063509	-0.015066849057249471	-0.105336311813691	0.049787277589233535	0	-15.114635443945058	-2.302078474606394	0.4148154148833953	-0.061746333512007895	-0.04842054318190414	-0.08053945894279546	-0.03533305128763935	0.5075464622513176	-0.7484651978318315	0.7030643013187055	-0.10274700666119436	0.002361181452118711	0.004077285477595407	0.0051044962831497745	-0.0009497026896270351	0.007362423878656214	-0.002467436453635242	0.013546219005748799	0.010665643682981982	-0.0016466208536237918	0.008740263122231499	0.028837661137142367	0.01229274957497166	-0.012388316468063472	0.026344069712298322	0.019465330150946557	-0.00035926924258646486	-0.035996926056937585	-0.0038077986692896387	0.0020237432501802447	-0.027331690949521162	-0.011944320892705211	0.024645922403097875	0.029247287188022855	0.059457325054301034	-0.14154056127067832	0.28700176953633505	-0.563183098550933	0.0973758710471414	-0.056287924488290744	-0.023662547622030846	-0.04406389047621734	-0.05615921199532715	-0.03267771088097616	-0.05313002393945206	0.277884946245085	0.7837705156870475	-8.73187930913572	0.41199192878163965	0.03171456650607713	
-0.0056425431338866915	-0.018071893847610324	0.012991923268063539	0.0016089352738788622	-0.10541667043678986	0.12639630935207902	0	-15.087177597345242	-0.9151611249719444	0.2240090757172482	0.17343961733387026	0.16315693283939373	0.3527894318778191	-3.846060385482588	0.2788909258479982	0.18078261257979267	-0.04418235642317446	0.019848829958214034	-0.009334369219308344	0.0010438389535140332	0.00020155072416842528	0.003653132145312014	-0.011194365147348177	-0.01937155624205926	-0.015666196693515485	-0.01665796802943826	-0.03181299257646832	-0.03401096011127333	-0.021228767499863063	-0.027808884021081563	-0.054450229873788315	-0.021244256916685973	0.00147616957741088	-0.001982528730781015	-0.015103864190085468	0.009396473421936322	0.05800674905036982	0.0028812499824135145	-0.011688341178282059	0.03802462406562807	-0.09600344178903236	0.17242527214681921	-0.169781054088295	0.20352145770327257	-0.04765891716472264	0.03873962760505034	0.004823261352573072	0.01940077637976352	0.027956124675322106	-0.000598710433086102	-0.007962977245890797	-0.028610051192600763	-0.16074058206375041	1.1953264569061028	-0.6870456985919517	0.20161511864831888	
-0.010090025555781104	0.00010456556306580797	-3.117284182788978e-05	-0.02676143283567888	0.012165746817162877	-0.17370718112217592	-0.23971090088984137	0	-15.152012504109294	-0.24875507592950255	-0.059227978754826015	0.11319196440778197	-0.7193368491259297	0.697758873865504	-0.15931157937295887	0.05656886984465933	-0.011835614501515558	-0.00275270903884094	0.0027576575763501353	0.0017311131340763141	-3.3539040778062234e-05	0.0066110370560562475	-0.00864063732887155	-0.00409654066448716	-0.002464850584681791	-0.010203497826554591	-0.015004494781515	-0.004378679484113605	-0.005183056286627519	-0.021211215065511622	-0.017364573035534292	0.002473897488280909	-0.0011139297066905033	-0.025102312313340047	-0.0038240845560661334	0.011603424692369864	0.011407053400394265	-0.010992259319368522	0.045780432924652156	0.022565627840055006	0.1755820452165221	-0.4480887131758105	0.05345222907749569	0.0448116449330785	-0.039655395881597014	0.029367306093866476	-0.02074091981443458	-0.013325255359457543	-0.011346467869007521	-0.020930359028120845	-0.028737086404482984	0.05073348772054965	-0.12418034676879298	0.48507556968174265	0.49580330156038294	-6.704359619233784	
-0.0018947948448632184	-0.008458695502280456	0.011461914279722374	-0.007235931298891363	0.0008366526091397505	0.037349601235631316	-0.11112778692348843	0.6308519844214611	0	-15.099552795891753	2.764744748045816	2.643674896649856	0.1574363105793709	-0.11230851440706922	0.020421983704175736	0.010364815631459415	0.0003647935152761837	-0.003895798846493708	0.0023093192555146544	-0.004783242763827333	0.0036675555900763223	0.0034930894388218977	-0.003922059304953998	-0.007452461843800994	-0.009103784876377221	-0.008673223893566721	-0.010755596221807948	-0.01630907393709166	-0.01629374797883157	-0.018845946045053963	-0.03136557701024226	-0.026556474501849815	-0.020996617651602167	-0.0334994533851882	-0.049195252009244	-0.025501732687530504	0.00364694600262939	-0.056452769141881784	-0.11020926944161186	0.2683633184758107	-0.20253397609571785	0.16638732959856875	-0.0409060241865281	0.018003584617290132	-0.004014473946321277	0.0011772102979134402	0.005142044026630696	0.0014942946488240654	0.003923725872456838	0.002420650000097892	-0.0037196235422100547	-0.0038260126046333553	0.02081936099994807	-0.060962912412704934	-0.17339876375267052	1.001644367149835	
-0.00463499817033184	-0.006425524586127828	0.005497645305705496	-0.0058615159199748796	-0.00543251344008756	0.002945000389661264	-0.06948610137313779	0.05407005077710056	-0.4544060843375017	0	-15.077750175681183	3.4797361803735845	-0.27731606443924783	0.05377470390655502	-0.0249272452774918	0.021372748371669605	-0.006747851113304854	0.0006397951501968706	-0.00023313785474781228	-0.0009594643562026267	0.0013479892763626606	0.0035803346740640838	-0.005699883376506227	-0.008388281949324488	-0.008067687693751576	-0.008762833286472767	-0.012178606087797984	-0.014536832586475913	-0.012830739505615247	-0.016125348330945942	-0.025017341917433305	-0.019042177591791668	-0.014415854401628202	-0.025850538045763045	-0.035905715487352295	-0.018359164307230873	0.0021683954652230945	-0.048649104089107914	-0.08017161066088822	0.18422240009455126	-0.1270416549142229	0.09975756668288799	-0.0354212077754979	0.024909835796189814	-0.00753558397889009	0.008107498708762473	0.0018174891151906672	0.005367852456698724	0.0075891455252441965	-0.001893544062656652	-0.004332884127999678	-0.002477556581434832	-0.0040143805102996885	0.003978618024458997	-0.10690206095743371	0.24763624535318743	
-0.0012343797714419653	-0.0025910843691613365	-0.0026609907863863126	0.005859545386824803	-0.022165052599033182	0.006171854929431096	-0.078146018466987	-0.045938399792983614	-0.14798161729275172	-0.4524160326272139	0	-15.14911413356912	-1.496788763713098	0.21511240100841575	-0.08585673852203722	0.04505695472788823	-0.022513650066859958	0.011931856193973085	-0.007771737803932812	0.004122670839135576	-0.0025062429341730142	-0.001086772058966154	-0.002090838921358402	-0.0053305919215525105	-0.0035621969104693827	-0.002295595948268573	-0.006250135696061405	-0.00881780102962876	-0.0041043026145527635	-0.003061977691211635	-0.012405942601720317	-0.008632085790742776	0.0006749029740607133	-0.0013743417142854297	-0.015757299627852987	-0.004516274809001017	0.023532699506910858	-0.014423722360407235	-0.06470855787283748	0.1351792749888914	-0.09686700962513962	0.0862505607719273	-0.032300540113428484	0.020971511541008882	-0.00145646498209244	0.00479955966487625	0.0038428852759166943	0.009542286136029763	0.01043165082924161	0.0011333420172060528	0.00317068333824507	-0.011476357774388716	-0.005994418173543422	0.017367562436060732	-0.09983258634137465	0.20325401495477305	
0.0012378021436628144	0.003161147727462282	0.006245044238276888	-0.013243426625962187	0.05146397113784955	-0.010093815779004818	0.28288675637425864	0.4798298177617413	-4.319486611105083	0.594645478871878	-0.6548841225364342	0	-15.048793469817616	-1.3450840689249606	0.20573343389675006	-0.10550229947619687	0.04278973270135101	-0.022873760637815536	0.013264340036410627	-0.007117335700675838	0.004336901920045166	0.002521847545743208	0.002555381960371782	0.007114206922450808	0.003722569726550349	0.001574007435178306	0.008274039096021727	0.011060891527774157	0.002266916895894338	-0.0012609643122912606	0.01347387401338927	0.005901497067650564	-0.01030641608481364	-0.017489069131237604	0.004674930684022633	-0.005328129649918587	-0.04308702970379688	-0.015543025755128089	0.0514255433251368	-0.10789132638233105	0.1270572316206327	-0.16148255181527718	0.07331480391786754	-0.055835254596410956	0.008321591001254517	-0.012070036817587436	-0.004265906633028722	-0.015070433458844188	-0.017020116601157168	-0.0007440976052933176	-0.004727468186281931	0.021043744452050487	0.028022826850246537	-0.10636262314063562	0.297235757438442	-0.6234611995265051	
-0.004190772264877208	-0.0020021233907004505	-0.012232120743678214	0.006270065315535424	-0.05250167029876801	-0.12912947892152796	0.2412424322103759	-0.6094240632507875	1.2199924876098913	-0.12082561962982843	0.055140024025294464	0.4096852603799058	0	-15.112911431688653	-1.14207633230438	0.21959104060845525	-0.08527361595432394	0.03552154262151227	-0.02015895084282801	0.01183671964830795	-0.006764524044985895	-0.002529579632729931	-0.004592306234902285	-0.008167661801605318	-0.0031968515280225897	-0.0027009787481349413	-0.01211273896523127	-0.010860750610819708	-0.0004505744303250308	-0.0002995586823864854	-0.012776208117189223	-0.0005110041805597654	0.015904938867714595	0.01857654072084735	0.0031167264622482776	0.01006632297875956	0.04312444870706487	0.012286093263732343	-0.019189335362712643	0.034838390546110314	-0.051556181160435685	0.07402865168785422	-0.05578997676652874	0.060620849565315695	-0.01765329144566451	0.022400713835089955	-0.0020809801679595266	0.013736292605986421	0.01597526152227432	-0.006835274961382988	-0.003970118010449583	-0.0019802511250994136	-0.06948619289245625	0.19288596789776397	-0.15935843077167444	0.18155225159894822	
0.0006638395676661733	0.0032837846898475555	0.02613617355064674	-0.038233613854456956	0.24129812657875116	0.6526731213208008	-6.746764287676165	0.5906075809252737	-0.28873068662872386	0.03320549622021657	-0.029286096937859163	-0.16320868800981012	0.4543541883634861	0	-15.083147288620932	-1.3543146954109546	0.1993839634796185	-0.0847152110992562	0.036316702240188035	-0.01766657118340493	0.00958471221911243	0.007331762376920884	0.003059380075285259	0.009491584176811476	0.0025319511553014563	-0.002009064131378648	0.01194523917780642	0.012273764223973164	-0.003543509322592314	-0.015183474510377786	0.0067527067390088106	-0.0015241103378802745	-0.020788070160672436	-0.0423950125696015	-0.010523336582190077	-0.004699984167513715	-0.03039210793883927	-0.011175222069912559	0.0207745367888587	-0.006197339499889466	0.0391531839260925	-0.06838233426962698	0.0757068278471515	-0.10682774853644655	0.03523694969303286	-0.04334968924157504	0.004812281237709041	-0.0215809408598731	-0.0272610249510459	0.01079200036009116	0.007639562875817944	-0.0003474729187590806	0.17635462045956518	-0.46314956897598286	0.1672972401011817	-0.10863518168588746	
-0.013930517827384917	-0.017156057135101196	-0.02342155220995326	-0.10153977824052161	0.4100458271220977	-0.6934340368630691	0.8543596660270372	-0.028306583655410177	0.07632672843469716	-0.0009873068319100236	0.023875784315905417	0.05279815840701398	-0.15520344880978315	0.3928308762862913	0	-15.030908022103862	-1.2962873972956264	0.17997278064027383	-0.07414454560404028	0.02943213654383582	-0.01283565512463272	-0.001955839409582431	-0.01569523216985946	-0.021014951603590213	-0.01102573877570558	-0.016219669817670906	-0.04264535045527945	-0.026826148208373368	-0.0059018242543450025	-0.017666049380094924	-0.02591455643220055	0.0070376039598040105	0.03383224539777868	0.034426211609133006	0.01793045822954784	0.020055959658661703	0.050892380398614025	0.01009591260676041	0.00961112826630051	0.0035173684774801157	-0.019557460164898025	0.029020479675124163	-0.05341566003342254	0.08446076277170932	-0.046630534081536106	0.058257054420276864	-0.014778724603760871	0.01486694023080598	0.021836513555246084	-0.030314188374503406	-0.0483708446297213	0.1060837415442312	-0.16306402293388325	0.20628868487233085	-0.05842738526125163	0.02868431099820639	
0.023613672671876744	0.020679322603716632	0.1284069926011814	0.7297687829131005	-11.48946182117669	0.5071577950867643	-0.011373219280865359	-0.039332489786016056	0.008210639092015424	0.0020923303113499323	-0.007654368794714024	-0.03473111884243021	0.061336227053603164	-0.17487787836319077	0.47815130975306946	0	-15.062342460725713	-1.3172536400164971	0.20791280486304473	-0.0850235186164476	0.03344792905176646	0.019032636163873615	0.020808020475206083	0.027433557712249944	0.003319252233740271	-0.002009692511732868	0.05561922678815458	0.020312340666914452	-0.02651813953650749	-0.0762415070628895	-0.02770905712095294	-0.02403549087729166	-0.04221690836802114	-0.08138979373318136	-0.028456426401958727	-0.003237525238399116	-0.02291680103791555	-0.0072905924245013345	0.009924319831546369	0.010798086457882338	0.0075608140312454835	-0.012823540541646406	0.0471220737671911	-0.09128464195764197	0.07736924243443304	-0.11046339065358074	0.037419315708546036	-0.014178106891628064	-0.02559588962640546	0.0777737714634174	0.14616820623848856	-0.3997941805891189	0.23574281416841877	-0.12168060367077005	0.011579597295877313	-0.005086667984560503	
-0.11367459278116157	-0.10515495375974755	0.2779615307836375	-0.8418258212438443	0.7981736498897706	-0.016930762208135153	0.0015980197786452644	0.013545189173802106	-0.003926750902250201	-0.0032960629921187138	0.0018419245151230584	0.017655642343931972	-0.030290483481399944	0.06129017440784826	-0.1559796164858786	0.3857856723758896	0	-15.065766959582033	-1.374365330161505	0.2552033239002268	-0.08244793824040823	-0.008266703064008996	-0.053136698014859575	-0.03314925148148855	0.008282093698934248	-0.010465764552450168	-0.0674959993606164	0.008984834084222236	0.07855850766828729	0.13405536203718535	0.0623930268244592	0.04094344908920926	0.052984626362872926	0.0696824785574394	0.02468196449098459	0.000317123672817164	0.01675553849853398	0.002704180581417247	-0.00934323866906908	-0.007298505861451807	-0.0019642748922935045	0.0028852315062122018	-0.01941757352894263	0.03372587778922754	-0.04746479264121866	0.0689978477526968	-0.04124597315715735	-0.0063541404663221175	-0.0036301392584618263	-0.08730178535849346	-0.1353879213211999	0.22958946274252598	-0.07215793270774472	0.023903808839406036	0.002618397921385494	0.0012586703771888055	
0.33473932604915024	0.8818594539869827	-5.498679335235259	0.40394493702928663	0.1272527117939006	-0.059495310270620855	0.01969238458943402	-0.009513678441795924	0.008176108823102627	0.0026897356614022034	0.0001512994959533072	-0.010792820117757757	0.015300665238994078	-0.030870188320253455	0.054670484416290174	-0.13940219301711182	0.39084261507979706	0	-15.081369027941037	-2.2953030567230432	0.2872425069385843	0.08331208352672177	0.1147186227626429	0.03537858421643753	-0.059800501921792315	-0.14143658597359518	-0.02453651953422216	-0.053306796441909075	-0.08039468937045428	-0.1684598889868061	-0.06945935003895284	-0.010567767295240924	0.004605692709789704	-0.022841986402834292	-0.004824628669447486	0.013032197895020274	-0.0019162174083284594	0.003520884678046667	0.012705061382347045	0.005079295802703184	3.1576249646712134e-05	0.001060379027891209	0.008612894229477804	-0.012053830961930335	0.042845022140263325	-0.06539361263940986	0.06187365765696538	0.025786987128606633	0.023515313759697114	0.13238570680543402	0.17921642250591127	-0.17507478786987443	0.02294621377772836	0.0038113121546336243	-0.009604188873862184	0.0013775715379928967	
-0.35886469463068993	-0.7914821423452492	0.7420689780304296	-0.0894004619681408	0.006856479170708117	0.011809508256708626	0.004256601945738299	0.0007575500671555388	0.0018998492390626077	-0.004036992399254702	-0.0008366204082720281	0.00493798913744381	-0.008915054035800335	0.013813906614215396	-0.024302362861456275	0.03162825691507939	-0.13409615096311556	0.367229988552308	0	-15.10415135102247	-1.3633612622895122	-0.16557031625848465	-0.11000630999393796	-0.00792603887323391	0.08861675194615277	0.1985421793880419	0.04153021629383679	0.021156774307395487	0.025996535855527542	0.07819771364595594	0.028210282330736577	-0.0038482910811470455	-0.0013277833214680166	0.01073036505273505	-0.0015230728791912323	-0.010852648829767813	0.00456942542311022	-0.007081175990140981	-0.008207525849916174	0.0009190938792913628	-0.0038118898632260923	0.0030806920533637283	-0.008399575362666051	0.00975596026946682	-0.024031843275544716	0.034094084396313395	-0.04079628570686732	-0.022759486568988047	-0.02450038630896066	-0.07470982763876494	-0.08258308067852263	0.07300138174496393	-0.017897920039139592	0.0067541996939177	0.0009035477943600934	0.0032230856736612207	
0.5191906392435196	1.0029391991092378	0.03100309281430355	-0.050896519493657685	0.03368885249699219	-0.01455434428452961	-0.00102552995668069	0.0018668481126400771	0.0004547754983190062	0.00433962282684048	0.0022579624910341557	-0.003186080418756292	0.005254144813822904	-0.009432210911826331	0.014091982998255637	-0.019763181495788706	0.05226846631252059	-0.19202230183863592	0.2559470608955594	0	-15.073182846053685	4.173554868479612	-0.06509424509542956	-0.04589851797098401	0.07903269856828836	0.012017018606206221	-0.02596128245737482	0.07844909291237258	0.10848991991966486	0.01832324343593564	0.012830290833216466	0.03441229431351319	0.026628269299064332	0.010504282529308748	0.013648984257003578	0.016687893855110023	0.0036450401477585897	0.009885367494475255	0.010608700025178643	-0.0028292767510085834	0.0042050073557302	-0.003041963568157293	0.004178828108880041	-0.001276065216175298	0.01453751426174777	-0.020698903171632695	0.051730091449295544	0.043414646317907084	0.04567512263452813	0.07892628167132776	0.06146099976606615	-0.026928067084378202	0.006175092217587768	-0.003050459300091623	-0.0014724139905549572	-0.0030369358207262913	
-0.20617767522759653	-0.18108312233458693	0.20416465284859522	-0.06299504037858103	0.029038552364737687	-0.006032200259966717	0.003790385753492835	0.003562607838859414	0.005772612275703237	0.002850556168805897	0.0037063604305970213	-0.0014836751732593973	0.0004254210249034298	-0.0032524612811912178	0.002330525900868141	-0.00493789943440837	-0.001196529012728873	-0.019707831396166806	-0.07928165214374625	-0.3876701116475856	0	-15.124035794649096	-1.3898078897716677	-0.21409714879103675	0.3421473992928501	0.41209220330795315	0.07906146941388345	0.12198242375839581	0.13917876511472127	0.0679915426398059	0.03998772660571798	0.0500810547329574	0.04278026350687244	0.024986883834663624	0.022344276494422444	0.02295207262618161	0.01258929828929253	0.011013649296345488	0.014032877170868117	-0.0023343225118718043	0.0010030914738844124	0.0006219422389554434	-0.007000057823149895	0.01344506416194738	-0.01308015640150672	0.022065533976744944	0.012955758487617763	0.036073549682584284	0.027983552735858015	-0.020432639541504642	-0.03370604483458813	0.03782842672123022	-0.011860143514991988	0.004190886228303567	-0.003559405770478644	8.369407763819483e-05	
0.13781721379714687	0.183602991934325	-0.3779400022774881	0.09517991838400623	-0.033796694728569304	0.0008524380207500649	-0.003825113887480008	-0.007089287841857011	-0.00945046892706223	-0.0031624725385703293	-0.0055705222748130044	0.0005982517108377118	0.0024362394589741237	0.0003989929360994646	0.004166623375235484	-0.006417454170422971	0.03009511487489234	-0.03262435596192186	0.16023843663347084	0.2132158750393009	-0.2708579445171234	0	-15.079291576779742	3.58079364744165	0.27510727752688274	-7.784105989238361	-0.691254183858487	-0.4403673939589375	-0.4788167683319095	-0.2594363667003573	-0.12107769535082302	-0.11795731258229704	-0.10027515834055926	-0.059703804687736665	-0.04446885030885008	-0.04092525833486206	-0.026432910793777815	-0.016457467388279842	-0.02234088465536267	0.002839179148943673	0.0010917931644109917	-0.0034234636801462512	0.01698501250297854	-0.028590549772184063	0.02894957032266585	-0.04751295009036309	-0.005994629419669847	-0.03673025496569955	-0.02046469739222236	0.05045325574259264	0.07378494551838546	-0.08646993064349047	0.02626701354219708	-0.008143365950939759	0.00611844933846957	-0.00146789419293854	
0.03561111916242986	-0.003418815162242267	-0.12700366138209349	0.0454814046092772	0.029509370948198197	-0.04664372630172223	0.019457886204978656	-0.025617387363995263	-0.004139391289124327	-0.007328226419592483	-0.010818364573896365	-0.006396483450627659	0.010917217588176247	-0.011393235611554779	0.019201276043378374	-0.03922128739930059	0.05127932807273685	-0.06251488140678274	0.024622795651147805	0.01003082420211263	-0.1363258504638968	-0.4822084925450289	0	-15.074229818680971	4.058566501694717	2.0196188288220553	-12.11878225066309	-1.5140828339447934	-0.5272681146448296	-0.5673960795079109	-0.4120916859583093	-0.215252605955902	-0.1454647156911052	-0.12022185127546696	-0.08778415321825978	-0.056991671830838087	-0.04751011854655269	-0.026945231889570914	-0.028924364670439087	0.01519973375864262	-0.005879444052249541	0.006247556633921417	0.02370825160409642	-0.03370609666222974	0.0872048210153033	-0.09084458652336566	0.006125420045136222	-0.05082504546129368	-0.048375781506788604	0.04707632408201013	0.09981040257091395	-0.07310626556772915	-0.008737638279619384	0.01973279930033159	-0.010205070472855057	0.00645859826759985	
-0.02029986002520534	-0.07305053740134244	0.02835623140087252	0.023124215534965915	-0.0005584043743830973	-0.010158872201148823	0.01607876541356708	-0.019572350943573433	0.0012812716541671428	-0.010684230398967796	-0.010675482205384338	-0.004368181918915898	0.005086170786408289	-0.002778569393374013	0.00457958474683768	-0.01217896680869906	-1.3341832053793335e-05	0.029638228982634275	-0.0644476928956613	0.009540601241580647	-0.04252404220844121	0.032699195512591546	-0.8260362468464473	0	-15.083664349585561	2.740698297881565	1.9534055366280438	-5.28467525749806	-0.4478066361624842	-0.2818939203295694	-0.3898460423099778	-0.3438311059088436	-0.15314954681335471	-0.1204321281026108	-0.11480023109497706	-0.07785974440171808	-0.04780969138209709	-0.04358564947401583	-0.035272496848328755	0.023419530511961533	-0.0175539398957883	0.014458315768543648	0.0018774908259433917	-0.01012031891567103	0.01689403851087515	-0.01037666803035434	-0.03354096676466922	-0.03725711491895694	-0.02673904369806183	-0.013867763576573346	-0.012056720658229443	0.005270829195834548	-0.014921332310793525	0.020988846298963384	-0.010223027222279307	0.011425678578960494	
-0.03449367487432252	-0.10768596551795726	0.046256661603895896	0.05651136905257534	-0.04479843980771107	0.013129869329453162	0.004243905421741012	-0.013303759697738183	-0.007718654083202259	-0.009180277648584917	-0.010250858401922526	0.0004256715300149239	0.0015735263646362776	0.0044335792569169105	-0.0018023278318564618	-0.00042951119313492183	-0.010852405637652836	0.10636308866367174	-0.157054397498533	0.0016642169940114192	-0.00305853963164883	0.506143642176426	-0.8196006850120277	-0.8041514531109603	0	-15.07707863633868	3.3538398321026337	1.7205006085584362	-9.125767365082158	-0.8142220572241473	-0.2991402426123395	-0.5295934049070888	-0.387168591303164	-0.17400120399943245	-0.1298868250396863	-0.11899921129805698	-0.06233704793083566	-0.04686736352741034	-0.05053064918225101	0.011669219361505204	-0.00528241499325071	0.0008586991609670237	0.014212630599115277	-0.02556302930450048	0.0035552219388912984	-0.006440453175844346	-0.028729343218921358	-0.028704893138405147	-0.017085283711131	-0.015049183222845494	-0.016606242872013285	-0.01945942313112157	0.017796659111150356	-0.0016604572295000782	0.0058669791849238345	0.003692072397959707	
-0.02908743969645168	-0.11655034574384568	0.022451581784638092	0.17947582939571435	-0.09115567295893463	0.006663050388972019	0.006966549924498751	-0.024803058614040904	-0.019090090810561608	-0.008595264775815773	-0.013691717029311113	-0.0019363608480816627	0.010055722220812148	-0.004520536207489172	0.02035392033423565	-0.051061296427058825	0.08917657596266369	0.04046352424572235	-0.11156682820785598	0.050282381538928576	-0.06516881348004654	0.15067369457269128	-0.665363339531886	-0.7818543728176666	-0.5771786230493099	0	-15.087563892262452	3.7161377726845592	1.0026086833559062	-6.642025545206684	-0.6203148703328295	-0.4303218328214928	-0.5013764671740437	-0.3110034987506022	-0.15174889106875902	-0.11468057461507158	-0.09012888842695757	-0.03762230970792034	-0.059227347471576354	0.005774270956452854	0.006258188054670822	-0.01038089641055078	0.042027721490453154	-0.0706933533009701	0.021865921130947825	-0.031591072414192546	-0.03125686891571338	-0.03416265696802877	-0.01848718590910148	-0.007156214794360089	0.0021723891965621765	-0.14190365693732424	0.0767773356566209	-0.02055629695348221	0.016954623831553245	-0.0019208537142495579	
-0.034124413969201815	-0.08633912707746948	0.12063939821651654	0.014028234930583154	0.02626152722057714	-0.04236256885622063	0.05075201391969887	-0.05588371152548248	0.0007470358668495624	-0.019784333724670373	-0.022027385632917278	-0.013092728281023735	0.018129873557335096	-0.01649676874335453	0.0236194680470353	-0.05065903250053726	0.01273561508347818	0.0379733519579345	-0.0734562666772356	-0.013829291443778067	-0.0006442476339528055	0.08865235420516876	-0.319601476130806	-0.6930225302398758	-0.7573580355783417	-0.8461101654976977	0	-15.123873447077626	3.490537246682732	1.097988546277826	-10.549510438518219	-1.2082937027500535	-0.4324356860957161	-0.5517106067926805	-0.3957668109228009	-0.1658157834333074	-0.13984175191184695	-0.0760415122238899	-0.08147847913525944	0.04670581211124934	-0.02083194413938953	0.018813678349345893	0.04824798896836646	-0.07205610321080835	0.04796468895987692	-0.02331329265606422	-0.03854865030483704	-0.038173854642203034	-0.026475798057724362	-0.022286326293146155	-0.03529791740225285	0.023294757152083123	-0.018334213146557803	0.06008459712363866	-0.020048532741160006	0.02132546338551791	
-0.03750919627008688	-0.07500835933725744	0.11796417115607763	-0.01969226684976778	-0.004604030699110413	0.01737830546964766	0.017720623704318147	-0.021352459236809816	0.0020719992416667393	-0.018899662874344414	-0.017150801406385995	-0.0036992386275864404	0.0031625149486727865	0.0034277015667836743	-0.003932981049891909	0.003666304840823512	-0.03612704502784788	0.04335228199626972	-0.06397257081338084	-0.04280320258099392	0.028751755352546555	0.11549647938595732	-0.19601903228312015	-0.3258573246150854	-0.6469938632093866	-0.8318832292146671	-0.8219329072386962	0	-15.069385323391025	3.773417099943342	1.831180841796167	-10.686768665387904	-1.2518537831307965	-0.5524699455110897	-0.5903820101677453	-0.424326432203591	-0.17579643952794907	-0.14244159418475744	-0.11702564980372135	0.04288949944684501	-0.0256974563505879	0.013537411446154926	0.005106959608539097	-0.010862133804477508	-0.024669279409261932	0.02390577920807586	-0.030454137345118572	-0.016966469399732544	-0.006487259532072783	-0.027158437424953854	-0.048871851673249846	0.049233852938143405	-0.003585400780022385	0.016244913242395742	-0.001022249883759315	0.01588729593874185	
-0.038538980293604155	-0.07819782794990092	0.14578344311535826	-0.027409205516466077	-0.050169780539841814	0.06392301711588384	-0.005445632059817356	-0.0063111720735367	-0.016706406666393097	-0.01590226121178303	-0.016980496755395494	0.006769581458229193	-0.0046501146736158605	0.022364874844357327	-0.022959374505616723	0.0420675862973636	-0.09802782834559298	0.10672688755268649	-0.10522036963523605	-0.025979964265521	0.01043742151054373	0.0863911734803459	-0.14515446778976476	-0.1914738910196636	-0.27132642100175525	-0.6011255395430621	-0.8043294305665948	-0.8538766037781715	0	-15.060922912956007	2.6479461901039	2.285681055426206	-10.642917876312497	-1.1302055390023067	-0.3518471099527302	-0.5036339348581487	-0.27175145714690924	-0.1229459867769999	-0.15662871566142011	0.0033262840555030055	0.004748290698279669	-0.011231808863225978	0.010528660416933556	-0.00861974624285685	-0.04184359212894945	0.03533138959281416	-0.02567249080041087	-0.008757157355100739	0.0026297155920051466	-0.028392391306031713	-0.0578765867017816	0.0632464629543152	0.02016855451450057	-0.025974170044158414	0.027178628258742062	-0.0003430441347900921	
-0.03011422577614101	-0.05947653224433878	0.09907889712719843	-0.021770827281635652	-0.05584160763175216	0.09244867457114464	0.03712522768846114	-0.05380153789844994	-0.02308039829064832	-0.03345087859365286	-0.037012201115814485	-0.006811186259542575	0.017779852688727702	0.003403398428086835	0.007482716564412181	-0.004634037267991554	-0.06551014352694869	0.08009726972909734	-0.062038970842453516	-0.0016540056579026799	0.00038205575322371995	0.04356675451131307	-0.1007077080006356	-0.155056055320908	-0.16469740693224988	-0.2656692321489764	-0.6071313632060318	-0.8252381458151589	-0.7263276609040873	0	-15.113047332955576	3.8547204710077274	1.8289353121579333	-11.021186642256392	-1.3162166205396288	-0.4680434159915232	-0.5756360444554423	-0.1735778089288479	-0.3213058404809617	0.0284349376384303	0.016828031334167076	-0.025108186177287765	0.04749769373938998	-0.03850956878402157	-0.06016641730909256	0.04522362222649835	-0.025772643408541206	-0.006971238018077415	0.006067078174634587	-0.026316249623385343	-0.06297119630561206	0.07463749309267866	0.05431753086560561	-0.038779137614754614	0.052100657474567554	0.008060008267307649	
-0.025834434917479956	-0.04195288013587945	0.06599377025871353	-0.03278817077333694	0.002122769684568902	0.03162804515716193	0.021414080426352875	-0.029950570425652544	0.01597803367473601	-0.03927209297990718	-0.03291152985326005	-0.012649946951666484	0.007793067480159804	0.002009439211144635	-0.007361514891094075	0.019978050828180053	-0.039513680108590216	0.016040169273484176	-0.02079424240484793	-0.013942436872877561	0.010544504077523057	0.04156689436329323	-0.07393829553487255	-0.11877692330509465	-0.14992156772832818	-0.18286049465766743	-0.29783344507635834	-0.6875583447200888	-0.7909020902276442	-0.7123514393018205	0	-15.078020587642522	2.8524431072890106	2.116601081929548	-9.719061580602522	-0.9670205901942287	-0.5937918246769899	-0.479109805474145	-0.41238170269397834	0.15700589105207033	-0.07082309460455129	0.028698150194043506	0.0005927004822745756	0.009198658047508105	-0.05266354181311901	0.038042002529392	-0.022778677841743075	-0.006900348420461234	0.00243793772551472	-0.022629414527214956	-0.04616440502308964	0.0559036646466373	-0.006700357940003478	0.022136032930276692	-0.0014321294327164994	0.03868233549276111	
-0.024363133877031273	-0.0364866221852462	0.059659757644472615	-0.03597830157797589	0.011651249874949495	0.02510604077110361	-0.005243343679934749	0.009845173546985551	0.006388840921273798	-0.021001431741963908	-0.016456319678102804	0.0051454165594610685	-0.010807834888686547	0.01697994201603756	-0.021753698882133868	0.0319580377368042	-0.03901603938783368	-0.0025151765679270028	-0.00920579001190277	-0.019059232392563408	0.013298006647691209	0.04148812979384358	-0.05920412131411458	-0.08220114595950039	-0.11446584624408451	-0.15833152801798103	-0.1926028775664108	-0.3370687312177606	-0.7654227725050546	-0.825265458751108	-0.7814421225091182	0	-15.160008454903975	3.673653489967299	2.038940233979115	-9.314554373068574	-0.7675879078543489	-0.6495545607358797	-0.31819210902145484	0.030625639608025876	-0.014983318474052933	-0.00017175805595230571	-0.01723932338506406	0.024101329265728885	-0.041137336604719354	0.031471711801458926	-0.015248094940280704	-0.0014772218406402875	0.00535308840371136	-0.018967365737937197	-0.03603054734112068	0.043465493484274004	-0.007363971339079359	-0.007842392001628668	0.012197374983893512	0.009128432287201962	
-0.020450791631883392	-0.032340630341140826	0.0508066768820439	-0.034110258450480734	0.0018981588816339835	0.045560835100787435	-0.02935067886500175	0.03174459385543303	-0.018647036558309925	-0.02224637909693801	-0.02398655302486141	0.024063090545018925	-0.0262562840808551	0.04977183528516103	-0.05153347626926433	0.07078732579618063	-0.06810673685250168	0.007874126763815553	-0.015799220729100717	-0.009854779960669724	0.0070858577975407445	0.028908144624998303	-0.045090706990278805	-0.06203043580880298	-0.07534520086176928	-0.11040944791324174	-0.15210344060948883	-0.20461455709229037	-0.3582184529914172	-0.7324175698984395	-0.8033469273610082	-0.6933357099897706	0	-15.050419626541789	2.817176928043467	1.8057191024712582	-2.4860808623982766	-0.22051434365761977	-0.41603965535550197	-0.0686230075210236	0.029077362314190232	-0.02379061857682781	-0.017636759945059644	0.030619688299363724	-0.042138678132452576	0.031394898098751726	-0.010914205193073727	0.0019004680866801346	0.008751474604590708	-0.01577609720082953	-0.03297131757598771	0.04093120897771708	-0.003963099037906268	-0.03506877077019412	0.03520638656186167	-0.011831048089082384	
-0.01691472918793115	-0.025402933808399638	0.03687776164992485	-0.026869224843204007	0.0008220007209405327	0.042708977954228566	-0.007252691507690097	0.0053823695085253925	0.0038657542322215353	-0.07458087756787067	-0.07124038871970732	-0.007404725308957992	0.0039757402720889306	0.023191565303973285	-0.022788330821888633	0.041654200075445666	-0.03607866843497279	0.003506164939200627	-0.006897231741680868	-0.007857927542100832	0.006726300953417687	0.022016429844696286	-0.03507504542889345	-0.05111476750629183	-0.05915329230344023	-0.07470564148662392	-0.10941012282398617	-0.16467521521104733	-0.2081075408301149	-0.3355235709161643	-0.7455630502180376	-0.8038761406234377	-0.731576372987569	0	-15.064016834189337	3.5587663749053084	-2.016128781925439	-1.2245262047090844	-6.654595419229539	0.004313113718544198	0.0599918994669108	-0.04213518451948491	-0.012333718364791496	0.031259234321791105	-0.04457332886317796	0.029292213312715556	-0.009869494348850972	0.0008893601948006296	0.007269498185529956	-0.01340464027174471	-0.028635485109946738	0.03121585086028334	0.00255973927204234	-0.042536104460553135	0.058800636492476396	0.015184076109338104	
-0.014869435445515684	-0.019404160920930922	0.02872678138987361	-0.023573567962228842	0.010786529821593312	0.011489545748506197	-0.00808824817577643	0.017758181892174534	0.023301775448436427	-0.0392505859764341	-0.030088813394343678	-0.004370547532516301	-0.00711778051480633	0.00763217737389245	-0.011859827926127622	0.019060191728615228	-0.013184632232302478	-0.007824323427497639	0.0024642180966718613	-0.010385742996024147	0.008886411750725702	0.02110601210815183	-0.0285733775664893	-0.03936059301410069	-0.049848808638931985	-0.05962868441843432	-0.07341995290194639	-0.1176598671141843	-0.16898287729328154	-0.19532207559127673	-0.3412601942845714	-0.7083240730536587	-0.7634123051680928	-0.6484787941836495	0	-15.132089225737817	5.332433022841732	-8.83368888831315	-0.17664572700512043	0.11613543064872751	-0.03222583253831684	0.0005919807901684664	-0.026744681922480813	0.029533833111160406	-0.03278637736112128	0.022680906384921342	-0.009242465556524923	-3.163359100699115e-05	0.0044888373219385685	-0.012005015144751757	-0.022128719562462908	0.02397663706049497	-0.007465890874186945	-0.008376339983593122	0.008578271647389871	0.02130457412147547	
-0.01229003403094298	-0.014857513862934928	0.019462427098116065	-0.01868002917944651	0.005255876320448963	0.00786702497861964	-0.02730884543356701	0.04427951720805308	0.006662968119884907	0.008791021677389209	0.012882199942379251	0.024585936527736	-0.031835593790583705	0.01922315561378178	-0.02397955021845669	0.027886297785375005	-0.017546650090987034	-0.0026249895288690773	-0.0022805740175986327	-0.003319593784399627	0.002825982619379763	0.013666803537764083	-0.021528900868625134	-0.03049697735253764	-0.03487276976238968	-0.04315016465169922	-0.05582472969599208	-0.07996206564204918	-0.11180300152572249	-0.1461722510457797	-0.20817629230903123	-0.32540948624203975	-0.5848605053991571	-0.7501104161963971	-1.0410484867649263	0	-15.094294495080321	5.009789630996048	1.169646801169728	-0.10032502415758322	0.019948478111049436	-0.00928736856818813	-0.028311638767007617	0.031011697085167628	-0.0250579802157877	0.019469142883681782	-0.004240921975204717	0.004935649872682075	0.008526128797089416	-0.00883631825101209	-0.016012519541543563	0.01452134367142364	-0.006591106918081135	-0.014138674928953335	0.0021685045157008565	-0.01579790493447146	
-0.007737012425088852	-0.013204855924714433	0.018351230765811154	-0.011303487744357386	0.003002408770924724	0.020901792265343066	-0.01511431028013931	0.034963157361587	-0.010150446355321023	-0.06192745526792129	-0.07741547041708682	0.03489927243395977	-0.02717085974172336	0.03289897007993027	-0.018144513714654645	0.017447859087107356	-0.009779999722164156	-0.005037145242497713	0.002418903845782439	-0.00836179422369535	0.007435109064337303	0.01227738295180333	-0.01487321300658899	-0.02148066437995923	-0.0284094157483836	-0.0309998000540991	-0.03466932196486813	-0.05388998069460644	-0.07668891860805184	-0.08997967966858451	-0.13258183531407125	-0.1951396346755985	-0.28485915175289356	-0.463033817662317	-0.8431067582075883	-1.1820826946222007	0	-15.097084960976625	3.935767652041391	-0.43912572555806795	0.09829336816542354	-0.046570012251126176	-0.0019481693626076393	0.009119534602208492	-0.016078646886578663	0.009669464054760817	-0.0022575056924574186	0.0005220991146497588	0.0036685964237831493	-0.0042623335844500015	-0.010737623282850915	0.009049874962195862	0.008169480900026312	-0.03263567913574808	0.042035132304754794	-0.027516972938567794	
-0.009927672149898549	-0.011438817822331148	0.01747071675327866	-0.019136800092008462	0.014509745429583007	-0.002351809414574491	-0.0012234510529573954	0.016355731849290272	0.0744528497644138	-0.1393618962040156	-0.10853497186498685	-0.05779988432206826	0.013216809598775721	-0.011686224550966023	0.0005885947128542388	0.006831095475666712	-0.0003634703665057586	-0.010454894741799654	0.006158446466881785	-0.007479458333195014	0.006571347381585253	0.012967913759759893	-0.015744047428966592	-0.019433504616182793	-0.02378592785621644	-0.02956231555809089	-0.03555381078058693	-0.047372520547003	-0.062323038788432344	-0.08241964821083686	-0.12849157613796927	-0.154935189099423	-0.17576956175389824	-0.31529996010752	-0.7742267616494729	-0.5766796468829376	-0.15709976583832924	0	-15.124431362292961	-0.741637730110902	0.1282817129667138	-0.024607364008479356	-0.0230191281618004	0.02750350783236739	-0.024808650681194488	0.0162300823627061	-0.00756724474569411	-0.00219389653694446	0.0008173450518504017	-0.009110153396891281	-0.016216446984636364	0.01936085433436498	-0.012554130581052095	0.003363713072647472	0.008131878306280522	0.06981725440779993	
0.0006945591587127285	0.008726168528110935	-0.009486549770029098	-0.005329264205748772	0.009699213681013473	-0.043430138331954284	-0.03576297119496301	0.06568379028059121	-0.04996963715223587	0.21579763933400112	0.1784877983140977	0.08906071665646519	-0.06022366083708029	0.01450847985056939	-0.011909952452894149	0.003504441044485044	0.006502208685583322	-0.00589989481624209	0.00483703565767972	0.0034300681685684427	-0.0032067850463516645	-0.0027319752459311415	0.005728490643505093	0.01741496924165138	0.021499279382153454	0.012048390861661942	0.014236463615657752	0.045874272278739255	0.03767716506004625	0.010814808020234691	0.07342120079789775	0.1324054979122216	0.031394188930161784	-0.09232577186675464	0.23854540954984185	0.07358972783655114	-0.18717884405035312	-0.885590925398788	0	-15.114962444979827	-1.527230412754978	0.33756967543292854	-0.09284297981209574	0.0455222060654664	0.004230542639928038	0.004608172936701013	-0.0069396685716940736	-0.002077448201058234	-0.00463484398975984	-0.005125925992871835	-0.0005511848082072399	0.012133162144726577	-0.06164554197775165	0.09135842245444087	-0.2093037348497397	-0.07028160122111068	
0.0006285839381696442	-0.006540105179718626	0.008233128055675576	0.0027631585322035776	-0.00019451682710986076	0.034896017643883295	0.0614425775006515	-0.1253059254771473	0.29688233817276277	-0.5813021655079137	-0.3093905950956508	-0.2511453977124658	0.11478231287668704	-0.05479378175958706	0.025402797307012268	-0.011705919500980287	0.0004281759656238242	0.0009066949149801472	-0.001550723037600393	-0.0036766830898128534	0.0028699762214084447	0.001134190410748808	-0.001929728106871337	-0.00957794414431438	-0.012256288258816871	-0.005581179960572432	-0.005177880031382893	-0.022929860784714838	-0.01830323533748072	-0.0034759550052115215	-0.027506645731556707	-0.04980749469648761	-0.016626504216537177	0.020087805392751564	-0.058010952709157605	-0.04000968449810584	0.03755698614954554	0.09361310211691955	-0.10443127244045713	0	-15.089118495802404	-1.401832748182406	0.13965759959491572	-0.06719557021443039	0.006216316938563189	-0.00972144656402652	0.008984677294113598	0.000822939046706875	0.002297120218205536	0.006372545470618473	0.0018581942013158087	-0.009540774524527318	0.0659353449992603	-0.10529657031189132	0.4836674951582494	0.9682066661407709	
-0.003664650050503509	0.003900657808319679	-0.006993213297340351	-0.002241527775146134	-0.015669314988981314	0.005023437242594826	-0.09954808343619233	0.20866107915933427	-0.18538665709458121	0.13639042608196614	0.09228870023875209	0.11024670035206528	-0.07323091166962604	0.060064097712887225	-0.034008030141554596	0.02860777459660482	-0.009402480731499338	0.003491947087520053	-0.00039586092026745734	0.004459813854183576	-0.00280035318650224	0.0015864692638590148	-0.0033490559281786707	0.0038909455522293905	0.007107069480165111	-0.0020585495302671056	-0.008476253292310543	0.00831378640405446	0.004913745654167858	-0.013497999900025072	-0.015452510638194415	0.015251865878867342	0.00011414003571270196	-0.03031172237925597	-0.027377309597326472	0.004263763426313135	0.0027281029881888676	-0.059924081493176365	-0.07721403413675956	0.256633703379162	0	-15.070078171253819	-1.4372912519776124	0.19640299007775652	-0.035215157314921246	0.02770556020344023	-0.0145998954224668	0.004338403208875755	0.004623162762325629	-0.010614733637733107	-0.0044709322792894565	-0.002110396441202382	-0.04813464268753595	-0.12524413742673152	0.5413266000730992	-1.0011508714664208	
0.010467608293760863	-0.0003157796505259345	0.005224780578863666	0.010540312568729723	0.05061375570552619	-0.08512762496013761	0.27196087098187605	-0.5862591476631092	0.13629774912789386	-0.028234605745362	-0.052062822221087615	-0.07621404702425655	0.0915593234637523	-0.11170570276851902	0.07313836262797935	-0.07747886622924466	0.0279893950813098	-0.010492768081164255	0.0024575295671142687	-0.005506119574088627	0.0020561388214735683	-0.0067924897066045245	0.011490889360006824	0.002681452207220956	-0.0003063084612592973	0.013203094828264938	0.027804340475712144	0.006502239996348522	0.007102556556658658	0.03234902610670673	0.05094643435864068	0.00017965503696602857	-0.0006577406683420491	0.021775907656693082	0.025061232814283366	-0.010120713960351422	-0.029613635712199972	0.02699000397075131	0.008701443841106821	-0.15709493519731693	0.562402875010889	0	-15.128692460893964	-1.6873207625272846	0.1904995714326629	-0.0935649299838387	0.04612829070653671	0.007608314166260692	-0.00018391434192512285	0.03077572332174032	0.030191601363151997	-0.003864528701842879	0.16601718003948238	1.3890854827804722	-10.465722336209302	0.24405034114895954	
-0.017871321154991175	-0.008438095666594116	-0.0002652385117429103	-0.002739134910910551	-0.09031158033798091	0.21152297536420894	-0.1651155724852244	0.21148247739496626	-0.020833908546756888	0.013123766479792444	0.0267317211900671	0.02913815883820591	-0.04427417310054668	0.06183892087860313	-0.056088625178494875	0.08048317335424968	-0.040463753385076774	0.02386972505946633	-0.008822227192567204	0.007685221620047905	-0.0019377935173642295	0.012360466476980777	-0.026512023128381995	-0.022841254737345898	-0.01476479558114471	-0.028724392972201633	-0.06288873482054987	-0.04528610607389294	-0.020082893298539236	-0.02587055195252433	-0.060849992584919084	-0.008041686641162244	0.01746602949532714	0.03055566322568127	0.015381158141526189	0.02220647643959328	0.047745832690966196	0.005568988147995197	0.012976625510105002	-0.0031014980141777474	-0.1104798389452321	0.2389014484789529	0	-15.08454906032494	-1.5000775809722144	0.3003370674175998	-0.12073582474366382	-0.02197472891335314	0.006246862345209689	-0.057957816196920996	-0.05704772086548228	-0.13417617320213607	1.0853237216620477	-0.9446046870530984	0.643307407173883	-0.0307953545660695	
0.036846035727227465	0.030116472377481177	0.0013408443057651251	-0.03266150310013326	0.22150228721423085	-0.47490227328936596	0.09385256189594982	-0.06775279060943142	-0.039132256560471194	-0.002795049767837122	-0.009517890210682224	0.0019533541237550848	0.015994297748994142	-0.03186093177867434	0.05285689214502268	-0.1102553248929582	0.07829282118695155	-0.06929692612423886	0.030299601416282348	-0.022443893538794217	0.008783644382200625	-0.01673037194921749	0.054078779496264974	0.05794533605905504	0.027963731073757072	0.04141380085772872	0.10820057454982249	0.062426384700469136	-0.00014048508163235117	-0.030214683827464516	-0.025322265677144035	-0.04085977585659848	-0.057508448148390255	-0.07672714118821264	-0.05715370511735769	-0.040796154549395676	-0.04620070437799363	-0.01854628450837364	-0.03779844442306599	-0.0017903167655730103	0.01722614537529328	-0.075681526741276	0.26258785783523814	0	-15.150902930467627	-1.7825013700427033	0.34889780684295113	0.1466084313587212	0.04917162950813576	0.1724584259713393	0.2661435424528271	1.1912860645678889	-7.05950512546879	0.19972443518756908	0.1422108468207895	-0.03499258014603237	
-0.03587322611096847	-0.02389456837828896	-0.030609167063609624	0.10092494476616624	-0.13743867245696095	0.2016753674336626	-0.045303652709988484	0.0372655189976414	0.010691595399298202	0.0005788963950551884	0.008195504525348533	0.006213451306121521	-0.016294211392385162	0.02711501785388301	-0.03657240625276728	0.06324603751279465	-0.055116651925815954	0.06151215630949003	-0.031061061616369175	0.02959855189942402	-0.01370680143853656	0.01016957202112683	-0.05306866923405513	-0.055207338418970485	-0.01676010779736703	-0.018239837582624756	-0.05099680091732255	-0.026951643270325697	0.012751320031124527	0.0362607451647469	0.03373571449934805	0.027730332929453254	0.034403294509499555	0.039235789183937976	0.028632197304523124	0.02216756648051857	0.026319731001032	0.009145388622581976	0.01561724894388062	-0.001557041147445347	-0.013625832373555651	0.02667381916114028	-0.14919867972507403	0.15766503367949739	0	-15.093644970304576	-3.178673835119974	-0.2969599068510626	0.21413107529117303	-0.13525858976688343	0.4398135158437046	-0.8045262950831862	0.452895257928647	-0.059857872083398975	0.0072162906316751325	0.008888764765245086	
0.03298837361059665	0.010912731993724629	0.1399586184143622	-0.2763977888466425	0.08172149445894354	-0.02793669403244087	-0.024520802606844323	0.017121440617580475	-0.020928473645106617	0.005201228107804009	0.0029922555392321655	0.007444261826071684	-0.0017649949630578832	-0.00103556991858745	0.013013449525949154	-0.02364258747118055	0.04880160035838922	-0.0848935245805919	0.05459180324190399	-0.07144200520555384	0.04144322314027341	0.01304908341758823	0.03575121217037433	0.008545460122281462	-0.02249035076088444	-0.021955335042552912	-0.006695248422531664	-0.02610795072796822	-0.032933102107856396	-0.03316342695577253	-0.021995907560004423	-0.02327856303356061	-0.020271013265640306	-0.01114699092318969	-0.008768177103343065	-0.010325456389036158	-0.004416570620991091	-0.001076368400976082	-0.010003077147652084	-0.009728492897598248	0.008368511805163566	-0.021858924675431525	0.033927048567495774	-0.17110669023245872	0.16470480299820223	0	-15.077998509342347	5.747903288465425	-2.36232660179021	-5.2330853273066245	-5.507910666171122	0.003450484618173	0.21273113140850003	-0.06570820867679425	0.04733933332186066	-0.018469000301008415	
-0.06393812964241447	-0.0013646242057974982	0.02621113480569842	0.019232605835704582	-0.04968127026968494	0.062391019084152545	-0.027160071884625263	0.01724428068431917	-0.009383643503204319	0.0003793143189204151	0.004620345327815546	0.010250932867208106	-0.01216982445987453	0.01745239791949228	-0.01684983641261858	0.024513005032260702	-0.010183298402963396	-0.0026228716026690316	0.020324793217412537	-0.036071036830253166	0.04256972975900942	0.05422196487207024	-0.0682819393860416	-0.060133636117277026	-0.04970173436054757	-0.052449128349057725	-0.055253415119692964	-0.04111162950045552	-0.023141179124538374	-0.010558264850974294	-0.006575766023014574	-0.008056089495688902	-0.0012074074105596347	0.005049110558706697	0.0015775630398529175	-8.053195614179054e-05	0.007497565015594656	0.0004764246872765082	-0.003253965713140922	-0.004938017980660586	-0.0017199965644353044	-0.0037478035980433775	-0.005929420485174148	-0.04878000473613534	-0.007780233152541794	-0.6283696138420896	0	-15.056767328532528	2.909374959278071	1.97875113181361	0.8257291580675586	-0.2107252597864275	0.08094228976687168	-0.03084153518628881	0.02613891701128013	-0.005593518930119371	
-0.10369703068871666	-0.0587426641561883	0.027848847538721227	0.05154642392341921	-0.06292113527277512	0.07176542368479412	-0.028110160950747285	0.01796968467706692	-0.007772553506020646	0.0011701168964347844	0.005643045379677223	0.010077525335567324	-0.012639414899074787	0.01840543621644751	-0.019181149633889172	0.03023278173713068	-0.017683983544845364	0.0114221094404141	0.007073268457602917	-0.020321525378047683	0.02295331201339771	0.022579040570774877	-0.027967989124144096	-0.037389630339358534	-0.023857579907978946	-0.018770831257248	-0.017429930457790635	-0.017794997154521368	-0.005229352161281647	0.007465172898143663	0.00757246949059632	0.002320498181793813	0.006785871468336093	0.011466511691995971	0.006992767342524361	0.004207061923500673	0.010146520472803327	0.0030596055095641747	-0.00016450368911127063	-0.005509705290359084	-0.0012725614937338912	-0.001909754785689839	-0.010764050786414018	-0.022872824270469154	-0.03316744759275546	-0.18334875718514151	-0.9610681899096343	0	-15.052401796058605	3.759923792831693	0.9598810472663587	-0.18100641729847705	0.049415874204117534	-0.02380246511221034	0.021141481868055013	-0.004588806837471911	
0.15868016052339365	-0.05572381820305926	0.4583839240307091	-0.8641516240915449	0.08727681204717533	0.019035676856250947	-0.03542973583353414	0.01334497089523446	-0.02074257319195555	0.0034207943679064492	0.0003100048849037784	0.0052292029400150585	0.0008580994411486058	-0.002820983563235768	0.01962277185171184	-0.03008140541721772	0.08511919301788116	-0.15646613617988606	0.08588152120537235	-0.10849627922891487	0.035324730228122346	-0.021542199987985636	0.0681072117644389	0.018128201144261308	-0.0008280668760240705	0.012448356371312514	0.038037978005080096	-0.00335127637618065	-0.01844987812341613	-0.013415346218549815	-0.0033829036478054695	-0.01478090088642221	-0.017643393651147917	-0.008491076879172868	-0.006604889722172477	-0.009950063510672576	-0.007055336827243886	-0.00109128836825689	-0.009068415063157666	-0.006916064880566411	0.006560814610048837	-0.012813102706718975	0.018943628344370158	-0.06744013316274482	0.010053854689263574	-0.15524835536944984	-0.8411993288567012	-0.713552701896228	0	-15.08005274442799	4.508770601686773	-0.4538547316264366	0.13920132662570575	-0.05308405464730468	0.02904893957470719	-0.01283209846450813	
0.25053031367707274	0.22826602090161843	0.5973527535600425	-0.8304119132934933	0.06970429545596175	0.06223804121960733	-0.03700019528656851	0.006155220525183032	-0.020732243905300422	-0.003218058660543223	-0.0024004684338631652	0.008536802737123657	-0.0055936345333458	0.011615760224252258	0.004585151825813718	-0.027419597426307174	0.12159755330522802	-0.31697953175902716	0.1726020342190898	-0.20263409442316493	0.07047185501773472	-0.028700659362139648	0.17200895563126273	0.06977985923843319	-0.009081476229800083	-0.004609487744322769	0.04812816141173195	-0.041393700891303536	-0.08254592937853127	-0.10675120175562768	-0.06469063917187647	-0.055862006723061165	-0.0547521719077631	-0.03891765258655522	-0.028088067365382656	-0.02544555366060701	-0.01644851726025088	-0.010069434024695696	-0.019707811289075627	-0.001724625637805054	-0.0005839237846381124	-0.004231644618452396	0.005745278715870113	-0.057289355224330436	-0.1046339864983136	0.5782932931817393	-0.8010327072425448	-0.05007733774920798	0.4216429187787191	0	-15.024807395962515	-1.6143171437857011	0.14884399326415004	-0.04696903495920339	0.028454142293372783	-0.005551473192084046	
-0.08737887097572364	-0.053807241225248395	-0.13908468609707358	0.5951456134056067	-0.5724097620494119	0.34240768095591917	0.03444577164150055	-0.015475121341817142	0.04208236236311829	-0.0005104056985585828	0.0016752885896630571	-0.01094215347685262	-0.0005108817039239633	0.006329268888187405	-0.04551033669233275	0.1267593837205951	-0.1542941155303007	0.2031373484020527	-0.0774653783015774	0.06974518195300444	-0.02454921395368981	0.022719109272043132	-0.07850299462197731	-0.04575854623084157	-0.01025179461989605	-0.03502658272233584	-0.10205718800259928	-0.007256916584893021	0.03526850747404255	0.05834501762446215	0.04332092532773826	0.047877823357842415	0.05303896558600608	0.04499086336748356	0.03102606765066839	0.027967827642142635	0.022396230320817168	0.009002872898886176	0.025308366034058786	0.00849917676230997	-0.004706758049006444	0.018128122220416893	-0.007331649909936895	0.20127029889125767	0.8298896936954768	-7.836924289392494	0.13770479865662208	-0.4760007252942694	-0.7281997070455685	-0.8164782397765429	0	-15.088756611583028	-1.2249286008085818	0.17501990690715008	-0.0861059006019342	0.021756689022074137	
0.03570856540288877	-0.009167889222330776	0.059572857655313075	0.06533079067953655	1.5953466819411768	-7.109341725770213	0.04488620320857772	0.11202952888440428	-0.0964412482577344	0.02557454355854649	0.009156375885175528	0.014372925646779793	0.0211179954850925	-0.07655718224263443	0.176642243912205	-0.43829597260614656	0.22143566318322305	-0.12070279991561837	0.022842678817213156	-0.021749088066534	0.003791278638708306	-0.016411368373558513	0.0097052290965633	-0.026609503167602497	-0.01367130633821736	0.017735370489167502	0.013986666206964926	-0.0333702879179879	-0.003686062133539704	0.055944608739509814	0.048681791839212604	-0.002742582549071086	-0.0026902950570203803	0.034670615987633595	0.024229132930090404	-0.0024855585824265767	0.003829682869343051	0.015223041903101454	-0.011860946545854251	-0.04788558739940683	0.02402480215468568	-0.05191081771597712	-0.16307765362398902	0.9030880125074869	-0.819072535705186	0.6217606553289398	0.026904679883467487	0.10918288646164415	0.14732061680033606	0.11872778818510096	0.29302232085979857	0	-15.053916131731487	-1.2818673644397052	0.25679446406085504	-0.08245471326481582	
-0.014847213551327858	0.007126211120140429	-0.01797415586274672	-0.02948814601423585	-0.20570349349225397	0.9031493731709044	-0.7613769711269206	0.5443712534869927	0.06992659771342873	-0.038115871753019476	0.006838738095632431	0.02318870339619114	-0.08445601655594126	0.1818676810071076	-0.16375130197439797	0.2218349888058969	-0.07167574433755446	0.02464067246241499	-0.003262622438903383	0.008329727759175764	-0.0019878374378949236	0.008755879356907475	-0.007378995106077975	0.014869973745584422	0.010755465994432613	-0.010400351832562169	-0.016143873547439937	0.023726847785582563	0.0021021184911428534	-0.04460325987283658	-0.03713394159386616	0.009319427942751705	-0.0012130449044635938	-0.04122888355291888	-0.03061382229183496	0.0030576169512190918	0.004041383497107925	-0.027290695757421102	0.012290297969701195	0.11433635550888496	-0.08959019670634685	0.2797241655174913	1.3157574378140102	-11.855046827036814	0.2954739728195774	0.06385845621263948	-0.0722208710273813	-0.045796646535964304	-0.039492633650961666	-0.06390138390232962	-0.0932996227543871	0.24447332484891976	0	-15.07149107110381	-1.7173485305460634	0.23546768718759598	
0.0041576392404646745	-0.008456720042016365	0.0021925125915125397	0.036915244345019714	-0.041294747685109004	0.36633920969062894	1.0071006340957136	-10.49721950059718	0.17826403327794998	0.07718053440340891	-0.06420939938375035	-0.1439343877287022	0.29305724032530694	-0.4296560976347114	0.16713710323448225	-0.08254263742223722	0.004184700160474393	0.014805841184257673	-0.010187118258731928	0.0025668658259538246	-0.0024602041422321238	-0.005188874947803686	-0.0005373103025009005	-0.013342566974639975	-0.00853969506356911	0.0017747810223652692	-0.004824910598751552	-0.02168879528452041	-0.0022860007952370644	0.025731378129926714	1.3142012368814139e-05	-0.0073713437031649506	0.017632611847741626	0.07165911581576723	0.03582169667576465	0.008731921971285835	0.018956899115162386	0.05072585496694307	-0.0020116336808763714	-0.24918653192073353	-0.0837968395047032	0.7285243272707843	-0.9305533567348054	0.5755554040546464	-0.034554464339009036	0.006880236755826488	0.02761761309189494	0.033248826858295895	0.03682758631624359	0.020954075500136816	0.030786906085484626	-0.1321059427869389	0.33727615174163733	0	-15.055673659545658	-1.5970091769539492	
-0.003270337325559005	0.0063259657946177494	-0.009044323250446427	-0.005044436714679712	-0.00850936541105314	-0.05441801726592652	-0.18330777661275682	0.619080030223807	-0.9268635650121024	0.03113132974263814	0.09921133561061204	0.24467803644018646	-0.18459869047361652	0.15998993693634123	-0.06242173510395343	0.03308296591727778	-0.007947657378838225	0.0013985059976388367	0.0007648739504360182	0.003956037678139405	-0.0023078400719305455	0.0011855070655308235	-0.0011649937028290795	0.006655895544117858	0.008129654888822129	0.0010555844509913903	-0.0001327131394386344	0.015191347740215199	0.009633799395062136	-0.00436187096270428	0.01067057719542089	0.02362237172118461	0.005570354658578667	-0.019182799291587293	0.01108940443211662	0.012584220558867902	-0.01472137788917513	-0.027875267429999177	0.050794361664755844	0.3572937735303634	1.1138663592878764	-13.255069040737672	0.24745025544614857	0.14307196850583134	-0.03496147459332323	0.024971515610375614	-0.02059245018027493	-0.005882952246731682	-0.0054847641776801116	-0.014074874178076149	-0.009849428140699432	0.023804342548246576	-0.16266298372313576	0.3938034316895821	0	-15.120146618514122	
-0.007421601692956687	-0.001667206900750178	-0.0037855954680886825	-0.002626057450475661	-0.02055112433171552	-0.004495344481781778	-0.12330041775458044	0.1730088391641463	-0.8091593565598441	0.5488009429794156	0.20153188665183247	0.3335203999254453	-0.1755768454543723	0.1164909497284459	-0.05386027579181464	0.039503928970919325	-0.016431167766111525	0.007952090707135546	-0.0040961658646151596	0.005398352522035986	-0.003027371979220716	0.003004708699647825	-0.008111059456051728	-0.008505710317954973	-0.004021697271205191	-0.007877216985133231	-0.015607479637596067	-0.010914634313616278	-0.004722558276839589	-0.011992478612366922	-0.01974690299109409	-0.0011203616035284504	0.004421202910969611	-0.007484857295789141	-0.004157936319510794	0.01579372328972905	0.029682147340394018	-0.0006817431062615118	0.010208908385930344	0.15046782810889747	-0.10423889889114271	0.7285643445310376	-0.17473190845553152	0.09375030000786057	-0.026267654591974193	0.024719388609675853	-0.006526803564122075	0.00985525875760658	0.011895814373639563	-0.009237785370083249	-0.005727127484044562	-0.0063839330282850085	-0.03869716875058124	0.029961164963871488	-0.5502899593400556	0	
